[{
    "name": "爱尔兰人",
    "imgSrc": "https://img3.doubanio.com/view/photo/s_ratio_poster/public/p2568902055.jpg",
    "detail": "2019-09-27(纽约电影节) / 2019-11-01(美国点映) / 2019-11-27(美国网络) / 罗伯特·德尼罗 / 阿尔·帕西诺 / 乔·佩西 / 安娜·帕奎因 / 杰西·普莱蒙 / 哈威·凯特尔 / 斯蒂芬·格拉汉姆 / 鲍比·坎纳瓦尔 / 杰克·休斯顿 / 阿莱卡萨·帕拉迪诺 / 凯瑟琳·纳杜奇..."
}, {
    "name": "小丑",
    "imgSrc": "https://img9.doubanio.com/view/photo/s_ratio_poster/public/p2567198874.jpg",
    "detail": "2019-08-31(威尼斯电影节) / 2019-10-04(美国) / 杰昆·菲尼克斯 / 罗伯特·德尼罗 / 马克·马龙 / 莎姬·贝兹 / 谢伊·惠格姆 / 弗兰西丝·康罗伊 / 布莱恩·考伦 / 布莱恩·泰里·亨利 / 布莱特·卡伦 / 道格拉斯·霍奇斯 / 格伦·弗莱施勒 / 比尔·坎普..."
}, {
    "name": "82年生的金智英",
    "imgSrc": "https://img3.doubanio.com/view/photo/s_ratio_poster/public/p2570137991.jpg",
    "detail": "2019-10-23(韩国) / 2019-11-07(中国香港) / 郑有美 / 孔侑 / 金美京 / 孔敏晶 / 朴成妍 / 李凤莲 / 金圣喆 / 李乌 / 李海云 / 孙成灿 / 金正英 / 李娜云 / 禹志贤 / 廉惠兰 / 韩国 / 金度英 / 118分钟 / 82年生的金智英 / 剧情 / 刘英雅 Yeong-ah Yoo / 赵南珠..."
}, {
    "name": "好莱坞往事",
    "imgSrc": "https://img3.doubanio.com/view/photo/s_ratio_poster/public/p2551119672.jpg",
    "detail": "2019-05-21(戛纳电影节) / 2019-07-26(美国) / 2019(中国大陆) / 莱昂纳多·迪卡普里奥 / 布拉德·皮特 / 玛格特·罗比 / 埃米尔·赫斯基 / 玛格丽特·库里 / 蒂莫西·奥利芬特 / 茱莉亚·巴特斯 / 奥斯汀·巴特勒 / 达科塔·范宁 / 布鲁斯·邓恩 /..."
}, {
    "name": "婚姻故事",
    "imgSrc": "https://img1.doubanio.com/view/photo/s_ratio_poster/public/p2571760178.jpg",
    "detail": "2019-08-29(威尼斯电影节) / 2019-12-06(美国) / 斯嘉丽·约翰逊 / 亚当·德赖弗 / 梅里特·韦弗 / 劳拉·邓恩 / 雷·利奥塔 / 朱丽·哈基提 / 马克·奥布莱恩 / 华莱士·肖恩 / 阿伦·阿尔达 / 凯尔·柏海莫 / 米奇·萨姆纳 / 艾奇·罗伯逊 / 马修·马希尔..."
}, {
    "name": "准备好了没",
    "imgSrc": "https://img9.doubanio.com/view/photo/s_ratio_poster/public/p2561370606.jpg",
    "detail": "2019-08-21(美国) / 萨玛拉·维文 / 安迪·麦克道威尔 / 马克·奥布莱恩 / 亚当·布罗迪 / 亨利·科泽尼 / 妮基·瓜达尼 / 梅兰妮·斯科洛凡诺 / 克里斯蒂安·布鲁恩 / 伊利斯 莱韦斯克 / 约翰·拉尔斯顿 / 达妮埃拉·巴博萨 / 伊拉娜·盖尔 /..."
}, {
    "name": "克劳斯：圣诞节的秘密",
    "imgSrc": "https://img3.doubanio.com/view/photo/s_ratio_poster/public/p2570825762.jpg",
    "detail": "2019-11-08(西班牙) / 2019-11-08(英国) / J·K·西蒙斯 / 詹森·舒瓦兹曼 / 拉什达·琼斯 / 琼·库萨克 / 诺曼·麦克唐纳徳 / 威尔·萨索 / 塞尔希奥·巴勃罗斯 / 米拉·布雷纳 / 内达·玛格丽特·拉巴 / 悉尼·布朗 / 泰迪·布鲁姆 / 艾玛·香农 / 肯德尔·卓依..."
}, {
    "name": "第一滴血5：最后的血",
    "imgSrc": "https://img1.doubanio.com/view/photo/s_ratio_poster/public/p2564884269.jpg",
    "detail": "2019-09-18(印度尼西亚) / 2019-09-20(美国) / 2019-09-27(西班牙) / 西尔维斯特·史泰龙 / 帕斯·贝加 / 塞尔吉奥·佩里斯-门切塔 / 艾德里安娜·巴拉扎 / 维特·蒙雷尔 / 吉妮·金 / 华金·科西奥 / 帕斯卡西奥·洛佩斯 / 奥斯卡·贾恩那达 / 亚历山大·迪米特罗夫..."
}, {
    "name": "行骗天下JP：浪漫篇",
    "imgSrc": "https://img1.doubanio.com/view/photo/s_ratio_poster/public/p2549891899.jpg",
    "detail": "2019-05-17(日本) / 长泽雅美 / 东出昌大 / 小日向文世 / 竹内结子 / 三浦春马 / 江口洋介 / 小手伸也 / 织田梨沙 / 前田敦子 / 小栗旬 / 佐津川爱美 / 冈田义德 / 生濑胜久 / 日本 / confidenceman-movie.com / 田中亮 / 116分钟 / 行骗天下JP：浪漫篇..."
}, {
    "name": "纽约的一个雨天",
    "imgSrc": "https://img3.doubanio.com/view/photo/s_ratio_poster/public/p2556824333.jpg",
    "detail": "2019-07-26(波兰) / 蒂莫西·柴勒梅德 / 艾丽·范宁 / 赛琳娜·戈麦斯 / 裘德·洛 / 迭戈·卢纳 / 列维·施瑞博尔 / 苏琪·沃特豪斯 / 凯莉·罗尔巴赫 / 丽贝卡·豪尔 / 安娜莱吉·阿什福特 / 切莉·琼斯 / 葛瑞芬·纽曼 / 凯瑟琳·利·斯科特 /..."
}]