{
    "items":[{"img":"https://ss0.bdstatic.com/70cFuHSh_Q1YnxGkpoWK1HF6hhy/it/u=3258842731,2652765001&fm=26&gp=0.jpg","title":"国际新闻的直接对话"},
        {"img":"https://ss0.bdstatic.com/70cFuHSh_Q1YnxGkpoWK1HF6hhy/it/u=3258842731,2652765001&fm=26&gp=0.jpg","title":"国内新闻的直接对话"}],

    "adImgs":[
        {"imgPath":"https://ss0.bdstatic.com/70cFuHSh_Q1YnxGkpoWK1HF6hhy/it/u=3869578047,3390004637&fm=26&gp=0.jpg"},
        {"imgPath":"https://ss0.bdstatic.com/70cFuHSh_Q1YnxGkpoWK1HF6hhy/it/u=3869578047,3390004637&fm=26&gp=0.jpg"}
    ]
}