{
    "apps": [{
        "name": "duyi_network",
        "script": "./app.js",
        "watch": false,
        "env": {
            "COMMON_VARIABLE": "true"
        },
        "env_production": {
            "NODE_ENV": "production"
        }
    }],
    "deploy": {
        "production": {
            "user": "hangang",
            "host": [
                "123.56.119.225"
            ],
            "port": "22",
            "ref": "origin/hyfarsight",
            "repo": "git@gitee.com:hangang9558/duyi_network.git",
            "path": "/www/duyi_network",
            "ssh_options": "StrictHostKeyChecking=no",
            "post-deploy": "npm install --registry=https://registry.npm.taobao.org && pm2 startOrRestart ecosystem.json --env production",
            "env": {
                "NODE_ENV": "production"
            }
        }
    }
}